DATE,SP500,PERMIT,INDPRO,FEDFUNDS,PSAVERT,CURRCIR,MPRIME,BUSLOANS,INTDSRUSM193N,DAUTOSAAR,CPIAUCSL,UNEMPLOY,PMSAVE
1985-01-01,179.6300048828125,1660.0,54.7203,8.35,10.3,180.656,10.61,472.9593,8.0,8.244,105.7,8423,312.2
1985-02-01,181.17999267578125,1662.0,54.91,8.5,9.1,178.242,10.5,475.6222,8.0,8.308,106.3,8321,273.6
1985-03-01,180.66000366210935,1727.0,54.9841,8.58,8.7,179.037,10.5,480.2038,8.0,8.38,106.8,8339,262.2
1985-04-01,179.8300018310547,1664.0,54.8853,8.27,9.9,180.854,10.5,478.9746,8.0,8.474,107.0,8395,304.7
1985-05-01,189.5500030517578,1709.0,54.952,7.97,11.1,182.46,10.31,480.7533,7.81,8.227,107.2,8302,349.5
1985-06-01,191.8500061035156,1716.0,54.9269,7.53,9.6,185.308,9.78,482.2884,7.5,7.651,107.5,8460,297.7
1985-07-01,190.9199981689453,1697.0,54.642,7.88,9.1,187.385,9.5,487.0623,7.5,7.532,107.7,8513,284.5
1985-08-01,188.6300048828125,1808.0,54.8269,7.9,8.2,187.791,9.5,489.857,7.5,9.412,107.9,8196,254.8
1985-09-01,182.0800018310547,1916.0,55.0447,7.92,7.3,188.582,9.5,494.3809,7.5,11.239,108.1,8248,229.9
1985-10-01,189.82000732421875,1743.0,54.8418,7.99,9.1,188.788,9.5,493.2822,7.5,6.462,108.5,8298,288.6
1985-11-01,202.1699981689453,1692.0,55.0381,8.05,9.0,191.118,9.5,497.0812,7.5,6.772,109.0,8128,286.4
1985-12-01,211.27999877929688,1794.0,55.5958,8.27,8.6,194.754,9.5,498.8938,7.5,7.754,109.5,8138,275.1
1986-01-01,211.77999877929688,1847.0,55.8793,8.14,8.6,194.166,9.5,500.4044,7.5,8.498,109.9,7795,278.5
1986-02-01,226.9199981689453,1767.0,55.4963,7.86,9.3,191.196,9.5,500.8605,7.5,7.836,109.7,8402,301.5
1986-03-01,238.8999938964844,1780.0,55.097,7.48,9.9,192.243,9.1,505.3873,7.1,6.928,109.1,8383,323.5
1986-04-01,235.5200042724609,1858.0,55.16,6.99,9.7,194.179,8.83,507.5792,6.83,7.844,108.7,8364,317.1
1986-05-01,247.3500061035156,1797.0,55.2556,6.85,9.3,196.282,8.5,507.9056,6.5,8.192,109.0,8439,303.8
1986-06-01,250.83999633789065,1790.0,55.0449,6.92,9.4,198.499,8.5,511.2235,6.5,8.176,109.4,8508,309.1
1986-07-01,236.1199951171875,1780.0,55.3725,6.56,9.3,200.605,8.16,513.011,6.16,7.608,109.5,8319,307.2
1986-08-01,252.92999267578125,1726.0,55.2845,6.17,9.0,201.01,7.9,515.0592,5.82,8.808,109.6,8135,298.7
1986-09-01,231.32000732421875,1686.0,55.4459,5.89,7.2,201.732,7.5,517.6728,5.5,11.519,110.0,8310,239.2
1986-10-01,243.97999572753903,1675.0,55.6766,5.85,8.4,201.926,7.5,517.6155,5.5,7.1,110.2,8243,280.5
1986-11-01,249.22000122070312,1644.0,55.8828,6.04,8.8,204.634,7.5,523.8527,5.5,6.99,110.4,8159,293.1
1986-12-01,242.1699981689453,1903.0,56.4269,6.91,7.0,208.981,7.5,539.2247,5.5,9.08,110.8,7883,235.0
1987-01-01,274.0799865722656,1690.0,56.2123,6.43,9.7,208.204,7.5,548.7882,5.5,5.846,111.4,7892,326.4
1987-02-01,284.20001220703125,1689.0,56.9589,6.1,8.5,206.368,7.5,546.9883,5.5,7.184,111.8,7865,290.3
1987-03-01,291.70001220703125,1704.0,57.0365,6.13,8.5,207.114,7.5,548.3336,5.5,7.403,112.2,7862,292.3
1987-04-01,288.3599853515625,1601.0,57.3995,6.37,4.5,209.242,7.75,549.4851,5.5,7.423,112.7,7542,149.8
1987-05-01,290.1000061035156,1500.0,57.7653,6.85,8.2,211.768,8.14,551.5286,5.5,6.853,113.0,7574,282.9
1987-06-01,304.0,1522.0,58.0726,6.73,7.7,214.369,8.25,554.5171,5.5,7.172,113.5,7398,266.9
1987-07-01,318.6600036621094,1516.0,58.4772,6.58,7.5,216.038,8.25,553.4237,5.5,7.274,113.8,7268,261.0
1987-08-01,329.79998779296875,1511.0,58.9076,6.73,7.2,216.829,8.25,554.0876,5.5,8.266,114.3,7261,253.0
1987-09-01,321.8299865722656,1514.0,59.1237,7.22,7.6,217.519,8.7,561.3041,5.95,7.706,114.7,7102,268.8
1987-10-01,251.7899932861328,1447.0,59.9408,7.29,8.3,218.624,9.07,563.1203,6.0,6.025,115.0,7227,294.5
1987-11-01,230.3000030517578,1457.0,60.2323,6.69,8.5,222.424,8.78,562.5151,6.0,6.419,115.4,7035,305.1
1987-12-01,247.0800018310547,1345.0,60.5629,6.77,8.7,226.904,8.75,565.1372,6.0,7.398,115.6,6936,313.6
1988-01-01,257.07000732421875,1244.0,60.564,6.83,8.1,226.968,8.75,567.0789,6.0,7.772,116.0,6953,294.6
1988-02-01,267.82000732421875,1438.0,60.8632,6.58,8.6,224.278,8.51,568.2707,6.0,7.981,116.2,6929,313.2
1988-03-01,258.8900146484375,1525.0,61.0006,6.58,8.2,225.091,8.5,571.3826,6.0,7.778,116.5,6876,301.1
1988-04-01,261.3299865722656,1429.0,61.3536,6.87,8.8,228.282,8.5,577.3719,6.0,7.31,117.2,6601,328.4
1988-05-01,262.1600036621094,1444.0,61.2454,7.09,8.4,229.907,8.84,583.8059,6.0,7.548,117.5,6779,313.1
1988-06-01,273.5,1485.0,61.4107,7.51,8.4,233.155,9.0,588.9894,6.0,7.717,118.0,6546,317.3
1988-07-01,272.0199890136719,1439.0,61.4169,7.75,8.6,236.066,9.29,593.93,6.0,7.456,118.5,6605,326.6
1988-08-01,261.5199890136719,1460.0,61.7365,8.01,8.4,235.802,9.84,594.5178,6.37,7.3,119.0,6843,322.6
1988-09-01,271.9100036621094,1436.0,61.5395,8.19,8.9,236.432,10.0,595.4536,6.5,7.051,119.5,6604,340.9
1988-10-01,278.9700012207031,1516.0,61.7996,8.3,8.6,237.081,10.0,599.0591,6.5,6.966,119.9,6568,334.2
1988-11-01,273.70001220703125,1508.0,61.9552,8.35,8.4,239.874,10.05,601.0702,6.5,7.267,120.3,6537,326.8
1988-12-01,277.7200012207031,1501.0,62.2362,8.76,8.3,244.188,10.5,604.6465,6.5,8.326,120.7,6518,327.1
1989-01-01,297.4700012207031,1466.0,62.4165,9.12,8.5,244.685,10.5,606.2841,6.5,7.357,121.2,6682,337.8
1989-02-01,288.8599853515625,1383.0,62.1423,9.36,9.0,240.267,10.93,617.0978,6.59,7.12,121.6,6359,356.8
1989-03-01,294.8699951171875,1214.0,62.3049,9.85,9.5,241.751,11.5,616.4851,7.0,6.93,122.2,6205,379.5
1989-04-01,309.6400146484375,1376.0,62.2966,9.84,8.4,243.844,11.5,619.0402,7.0,7.692,123.1,6468,339.8
1989-05-01,320.5199890136719,1381.0,61.9483,9.81,8.1,245.434,11.5,624.2941,7.0,7.466,123.7,6375,326.2
1989-06-01,317.9800109863281,1322.0,61.9423,9.53,8.2,247.811,11.07,624.2594,7.0,6.797,124.1,6577,330.9
1989-07-01,346.0799865722656,1283.0,61.3334,9.24,8.2,250.029,10.98,631.0042,7.0,7.048,124.5,6495,334.9
1989-08-01,351.45001220703125,1334.0,61.9394,8.99,7.6,249.024,10.5,635.2403,7.0,8.152,124.5,6511,310.7
1989-09-01,349.1499938964844,1314.0,61.7394,9.02,8.1,249.086,10.5,637.1645,7.0,7.693,124.8,6590,330.0
1989-10-01,340.3599853515625,1365.0,61.6605,8.84,8.5,249.132,10.5,639.3556,7.0,6.17,125.4,6630,352.5
1989-11-01,345.989990234375,1344.0,61.8627,8.55,8.6,251.209,10.5,639.6923,7.0,6.074,125.9,6725,355.0
1989-12-01,353.3999938964844,1422.0,62.2192,8.45,7.8,256.245,10.5,637.6194,7.0,6.438,126.3,6667,325.7
1990-01-01,329.0799865722656,1748.0,61.9021,8.23,8.0,257.126,10.11,635.7596,7.0,7.786,127.5,6752,335.4
1990-02-01,331.8900146484375,1329.0,62.464,8.24,8.6,254.662,10.0,636.5343,7.0,6.881,128.0,6651,365.0
1990-03-01,339.94000244140625,1246.0,62.7645,8.28,8.3,256.69,10.0,638.3616,7.0,6.884,128.6,6598,355.2
1990-04-01,330.79998779296875,1136.0,62.6499,8.26,8.8,259.829,10.0,640.8445,7.0,6.866,128.9,6797,376.4
1990-05-01,361.2300109863281,1067.0,62.8126,8.18,8.7,261.938,10.0,639.7431,7.0,6.692,129.1,6742,374.8
1990-06-01,358.0199890136719,1108.0,63.0256,8.29,8.6,265.64,10.0,641.5175,7.0,6.748,129.9,6590,370.7
1990-07-01,356.1499938964844,1078.0,62.9353,8.15,8.7,268.948,10.0,639.8997,7.0,6.779,130.5,6922,377.3
1990-08-01,322.5599975585937,1069.0,63.172,8.13,8.1,269.992,10.0,640.366,7.0,6.877,131.6,7188,351.3
1990-09-01,306.04998779296875,976.0,63.1832,8.2,8.1,273.006,10.0,639.4621,7.0,7.408,132.5,7368,353.4
1990-10-01,304.0,925.0,62.7886,8.11,7.8,274.365,10.0,637.5273,7.0,6.928,133.4,7459,341.6
1990-11-01,322.2200012207031,941.0,62.0154,7.81,7.9,278.11,10.0,639.1951,7.0,6.367,133.7,7764,346.4
1990-12-01,330.2200012207031,861.0,61.5915,7.31,8.8,282.105,10.0,641.5944,6.79,6.547,134.2,7901,385.8
1991-01-01,343.92999267578125,786.0,61.3624,6.91,9.3,284.909,9.52,636.1443,6.5,5.981,134.7,8015,408.2
1991-02-01,367.0700073242188,853.0,60.9255,6.25,8.8,284.067,9.05,635.9741,6.0,6.158,134.8,8265,390.4
1991-03-01,375.2200012207031,911.0,60.5853,6.12,8.0,286.319,9.0,635.2905,6.0,6.319,134.8,8586,351.6
1991-04-01,375.3399963378906,916.0,60.7604,5.91,8.6,287.681,9.0,631.2531,5.98,5.724,135.1,8439,382.2
1991-05-01,389.8299865722656,991.0,61.3572,5.78,8.4,288.256,8.5,627.7186,5.5,6.104,135.6,8736,374.8
1991-06-01,371.1600036621094,964.0,61.8396,5.9,8.9,290.785,8.5,626.3606,5.5,6.277,136.0,8692,397.8
1991-07-01,387.80999755859375,973.0,62.0065,5.82,8.2,293.328,8.5,623.2148,5.5,6.463,136.2,8586,370.3
1991-08-01,395.4299926757813,944.0,62.0141,5.66,8.6,293.76,8.5,618.3892,5.5,6.167,136.6,8666,388.1
1991-09-01,387.8599853515625,974.0,62.5457,5.45,8.8,294.92,8.2,620.5509,5.2,6.204,137.0,8722,400.7
1991-10-01,392.4500122070313,991.0,62.4572,5.21,9.3,295.385,8.0,620.9624,5.0,6.019,137.2,8842,423.8
1991-11-01,375.2200012207031,984.0,62.371,4.81,9.0,298.719,7.58,618.4259,4.58,6.228,137.8,8931,413.6
1991-12-01,417.0899963378906,1061.0,62.0999,4.43,9.7,303.696,7.21,618.3986,4.11,5.998,138.2,9198,450.0
1992-01-01,408.7799987792969,1077.0,61.7744,4.03,9.4,304.146,6.5,613.6052,3.5,6.095,138.3,9283,441.8
1992-02-01,412.7000122070313,1146.0,62.2167,4.06,9.8,301.542,6.5,609.7612,3.5,6.242,138.6,9454,460.2
1992-03-01,403.6900024414063,1082.0,62.7223,3.98,9.7,302.653,6.5,607.3778,3.5,6.164,139.1,9460,459.4
1992-04-01,414.9500122070313,1054.0,63.1981,3.73,9.9,305.007,6.5,604.3747,3.5,5.966,139.4,9415,470.6
1992-05-01,415.3500061035156,1056.0,63.4008,3.82,9.9,307.8,6.5,602.1834,3.5,6.275,139.7,9744,473.3
1992-06-01,408.1400146484375,1057.0,63.4358,3.76,10.1,310.16,6.5,601.0412,3.5,6.51,140.1,10040,484.1
1992-07-01,424.2099914550781,1089.0,64.013,3.25,9.6,313.067,6.02,599.2639,3.02,6.379,140.5,9850,462.8
1992-08-01,414.0299987792969,1075.0,63.6652,3.3,9.7,315.648,6.0,597.2718,3.0,6.058,140.8,9787,471.0
1992-09-01,417.7999877929688,1114.0,63.8563,3.22,8.7,318.242,6.0,598.4095,3.0,6.325,141.1,9781,422.5
1992-10-01,418.6799926757813,1132.0,64.3089,3.1,8.0,320.192,6.0,596.8477,3.0,6.392,141.7,9398,384.3
1992-11-01,431.3500061035156,1118.0,64.563,3.09,8.0,323.607,6.0,596.8981,3.0,6.284,142.1,9565,385.6
1992-12-01,435.7099914550781,1176.0,64.6477,2.92,10.6,329.93,6.0,596.5071,3.0,6.628,142.3,9557,530.7
1993-01-01,438.7799987792969,1177.0,64.9199,3.02,8.6,331.004,6.0,595.5018,3.0,6.49,142.8,9325,425.6
1993-02-01,443.3800048828125,1148.0,65.2156,3.03,8.9,329.032,6.0,593.5431,3.0,6.031,143.1,9183,441.5
1993-03-01,451.6700134277344,1056.0,65.1605,3.07,8.9,331.423,6.0,591.269,3.0,6.326,143.3,9056,439.0
1993-04-01,440.1900024414063,1104.0,65.3503,2.96,8.7,335.24,6.0,585.6213,3.0,6.883,143.8,9110,436.4
1993-05-01,450.1900024414063,1112.0,65.0993,3.0,8.3,337.874,6.0,587.9537,3.0,6.838,144.2,9149,415.8
1993-06-01,450.5299987792969,1130.0,65.2428,3.04,7.8,342.488,6.0,590.2159,3.0,6.938,144.3,9121,390.9
1993-07-01,448.1300048828125,1174.0,65.3988,3.06,7.6,346.518,6.0,587.9131,3.0,6.847,144.5,8930,382.7
1993-08-01,463.55999755859375,1230.0,65.3265,3.03,7.7,347.99,6.0,587.7282,3.0,6.407,144.8,8763,386.5
1993-09-01,458.9299926757813,1251.0,65.6562,3.09,6.9,350.609,6.0,585.4326,3.0,6.541,145.0,8714,347.5
1993-10-01,467.8299865722656,1287.0,66.1632,2.99,6.3,353.161,6.0,583.9071,3.0,7.286,145.6,8750,315.9
1993-11-01,461.7900085449219,1357.0,66.4831,3.02,6.3,355.65,6.0,584.0166,3.0,7.216,146.0,8542,317.6
1993-12-01,466.4500122070313,1461.0,66.8399,2.96,9.1,361.769,6.0,583.7116,3.0,7.007,146.3,8477,472.7
1994-01-01,481.6099853515625,1390.0,67.0596,3.05,7.1,363.472,6.0,587.4555,3.0,7.264,146.3,8630,362.4
1994-02-01,467.1400146484375,1269.0,67.106,3.25,6.5,363.041,6.0,588.0767,3.0,7.42,146.7,8583,335.9
1994-03-01,445.7699890136719,1342.0,67.7792,3.34,6.8,366.398,6.06,594.7864,3.0,7.312,147.1,8470,352.8
1994-04-01,450.9100036621094,1392.0,68.1906,3.56,6.4,370.681,6.45,600.4654,3.0,7.604,147.2,8331,332.0
1994-05-01,456.5,1396.0,68.5136,4.01,7.6,373.253,6.99,604.7378,3.24,6.899,147.5,7915,399.4
1994-06-01,444.2699890136719,1357.0,68.9608,4.25,6.9,378.375,7.25,609.0097,3.5,7.034,147.9,7927,362.9
1994-07-01,458.260009765625,1335.0,69.0536,4.26,7.0,383.478,7.25,616.5107,3.5,6.839,148.4,7946,369.0
1994-08-01,475.489990234375,1377.0,69.5074,4.47,6.5,384.194,7.51,622.1236,3.76,7.067,149.0,7933,343.7
1994-09-01,462.7099914550781,1412.0,69.7304,4.73,6.8,386.5,7.75,624.9692,4.0,7.186,149.3,7734,358.9
1994-10-01,472.3500061035156,1397.0,70.2734,4.76,7.1,388.615,7.75,631.5922,4.0,7.415,149.4,7632,380.0
1994-11-01,453.6900024414063,1340.0,70.7471,5.29,7.0,393.215,8.15,638.3852,4.4,7.543,149.8,7375,376.3
1994-12-01,459.2699890136719,1396.0,71.4653,5.45,7.2,398.322,8.5,643.8329,4.75,7.48,150.1,7230,387.2
1995-01-01,470.4200134277344,1282.0,71.5873,5.53,7.5,400.687,8.5,654.356,4.75,6.853,150.5,7375,405.7
1995-02-01,487.3900146484375,1254.0,71.4827,5.92,7.8,396.37,9.0,666.6076,5.25,6.843,150.9,7187,424.5
1995-03-01,500.7099914550781,1226.0,71.5962,5.98,7.5,399.817,9.0,673.5273,5.25,7.141,151.2,7153,412.0
1995-04-01,514.7100219726562,1259.0,71.4939,6.05,6.9,404.773,9.0,677.5279,5.25,6.624,151.8,7645,376.1
1995-05-01,533.4000244140625,1271.0,71.8245,6.01,7.1,408.007,9.0,686.1563,5.25,6.877,152.1,7430,393.9
1995-06-01,544.75,1305.0,72.0577,6.0,6.7,409.062,9.0,690.6101,5.25,7.196,152.4,7427,369.5
1995-07-01,562.0599975585938,1354.0,71.7421,5.85,7.1,411.218,8.8,698.557,5.25,6.904,152.6,7527,393.7
1995-08-01,561.8800048828125,1386.0,72.6863,5.74,6.7,410.193,8.75,702.8375,5.25,7.482,152.9,7484,373.0
1995-09-01,584.4099731445312,1421.0,72.989,5.8,6.8,411.158,8.75,706.0529,5.25,7.365,153.1,7478,378.1
1995-10-01,581.5,1400.0,72.8743,5.76,7.1,411.562,8.75,706.3125,5.25,7.11,153.5,7328,399.9
1995-11-01,605.3699951171875,1430.0,73.0432,5.8,6.6,413.359,8.75,712.6172,5.25,7.347,153.7,7426,371.6
1995-12-01,615.9299926757812,1442.0,73.3148,5.6,6.1,418.814,8.65,715.1173,5.25,7.626,153.9,7423,346.6
1996-01-01,636.02001953125,1387.0,72.9017,5.56,6.7,418.642,8.5,721.8161,5.24,6.834,154.7,7491,380.0
1996-02-01,640.4299926757812,1420.0,73.955,5.22,6.7,412.776,8.25,724.1883,5.0,7.378,155.0,7313,384.9
1996-03-01,645.5,1437.0,73.8546,5.31,6.6,415.61,8.25,727.3324,5.0,7.677,155.5,7318,379.5
1996-04-01,654.1699829101562,1463.0,74.6152,5.22,5.7,418.346,8.25,732.0661,5.0,7.412,156.1,7415,324.6
1996-05-01,669.1199951171875,1457.0,75.15,5.24,6.7,419.321,8.25,736.4283,5.0,7.788,156.4,7423,390.6
1996-06-01,670.6300048828125,1429.0,75.719,5.27,7.1,423.212,8.25,741.4091,5.0,7.184,156.7,7095,418.2
1996-07-01,639.9500122070312,1450.0,75.7189,5.4,6.7,427.991,8.25,745.0438,5.0,7.101,157.0,7337,390.7
1996-08-01,651.989990234375,1413.0,76.0875,5.22,6.6,429.307,8.25,747.8324,5.0,7.157,157.2,6882,386.4
1996-09-01,687.3300170898438,1392.0,76.5959,5.3,6.7,431.945,8.25,758.5581,5.0,7.253,157.7,6979,393.9
1996-10-01,705.27001953125,1358.0,76.5662,5.24,6.4,432.318,8.25,765.9875,5.0,6.818,158.2,7031,377.6
1996-11-01,757.02001953125,1412.0,77.2493,5.31,6.4,436.408,8.25,772.0699,5.0,6.987,158.7,7236,380.7
1996-12-01,740.739990234375,1411.0,77.7342,5.29,6.4,443.041,8.25,778.6499,5.0,6.888,159.1,7253,380.0
1997-01-01,786.1599731445312,1382.0,77.8711,5.25,6.2,444.684,8.25,782.3893,5.0,7.319,159.4,7158,370.9
1997-02-01,790.8200073242188,1445.0,78.7993,5.19,6.2,440.803,8.25,789.2136,5.0,6.958,159.7,7102,376.6
1997-03-01,757.1199951171875,1436.0,79.2746,5.39,6.4,443.188,8.3,795.6093,5.0,7.039,159.8,7000,389.9
1997-04-01,801.3400268554688,1421.0,79.3464,5.51,6.5,445.724,8.5,803.8892,5.0,6.757,159.9,6873,392.3
1997-05-01,848.280029296875,1414.0,79.773,5.5,6.8,448.445,8.5,809.2983,5.0,6.728,159.9,6655,413.3
1997-06-01,885.1400146484375,1402.0,80.1365,5.56,6.6,451.597,8.5,813.3641,5.0,6.48,160.2,6799,405.1
1997-07-01,954.3099975585938,1440.0,80.7798,5.52,6.1,455.553,8.5,816.5333,5.0,7.002,160.4,6655,375.3
1997-08-01,899.469970703125,1449.0,81.6119,5.54,6.0,456.212,8.5,822.5114,5.0,7.106,160.8,6608,372.5
1997-09-01,947.280029296875,1494.0,82.4022,5.54,6.2,458.926,8.5,829.9588,5.0,6.546,161.2,6656,387.3
1997-10-01,914.6199951171876,1499.0,83.1064,5.5,6.2,459.988,8.5,833.9351,5.0,6.667,161.5,6454,387.5
1997-11-01,955.4000244140624,1469.0,83.7534,5.52,6.4,465.886,8.5,839.9142,5.0,6.654,161.7,6308,404.1
1997-12-01,970.4299926757812,1456.0,84.1331,5.5,6.4,475.1,8.5,845.1296,5.0,7.092,161.8,6476,408.4
1998-01-01,980.280029296875,1555.0,84.5113,5.56,7.4,474.597,8.5,855.6338,5.0,6.202,162.0,6368,471.3
1998-02-01,1049.3399658203125,1647.0,84.6409,5.51,7.4,471.366,8.5,862.3793,5.0,6.454,162.0,6306,474.8
1998-03-01,1101.75,1605.0,84.6684,5.49,7.5,473.547,8.5,866.0871,5.0,6.567,162.0,6422,484.6
1998-04-01,1111.75,1547.0,84.9827,5.45,7.2,475.776,8.5,864.3619,5.0,6.762,162.2,5941,468.6
1998-05-01,1090.8199462890625,1554.0,85.5129,5.49,6.9,478.588,8.5,875.9633,5.0,7.185,162.6,6047,451.6
1998-06-01,1133.8399658203125,1551.0,84.998,5.56,6.8,481.339,8.5,891.0944,5.0,7.037,162.8,6212,448.0
1998-07-01,1120.6700439453125,1610.0,84.6664,5.54,6.9,485.205,8.5,897.6676,5.0,5.893,163.2,6259,455.4
1998-08-01,957.280029296875,1654.0,86.4183,5.55,6.8,487.758,8.5,903.9707,5.0,6.111,163.4,6179,450.7
1998-09-01,1017.010009765625,1577.0,86.3287,5.51,6.4,492.11,8.49,912.3998,5.0,7.064,163.5,6300,425.4
1998-10-01,1098.6700439453125,1719.0,86.9767,5.07,6.2,496.28,8.12,931.3815,4.86,7.276,163.9,6280,413.4
1998-11-01,1163.6300048828125,1672.0,86.9005,4.83,6.3,501.453,7.89,942.2684,4.63,6.516,164.1,6100,424.7
1998-12-01,1229.22998046875,1742.0,87.2514,4.68,5.8,509.949,7.75,939.2049,4.5,7.396,164.4,6032,389.8
1999-01-01,1279.6400146484375,1732.0,87.6357,4.63,6.4,511.037,7.75,937.8413,4.5,6.612,164.7,5976,435.4
1999-02-01,1238.3299560546875,1720.0,88.1298,4.76,6.3,509.743,7.75,935.9775,4.5,6.976,164.7,6111,428.8
1999-03-01,1286.3699951171875,1665.0,88.2987,4.81,6.0,514.41,7.75,944.3984,4.5,6.833,164.8,5783,404.9
1999-04-01,1335.1800537109375,1600.0,88.4947,4.74,5.0,519.339,7.75,947.2234,4.5,6.909,165.9,6004,343.8
1999-05-01,1301.8399658203125,1640.0,89.0447,4.74,4.8,522.494,7.75,942.3575,4.5,6.98,166.0,5796,326.2
1999-06-01,1372.7099609375,1702.0,88.9802,4.76,4.7,528.507,7.75,949.7357,4.5,6.95,166.0,5951,322.5
1999-07-01,1328.719970703125,1682.0,89.5155,4.99,4.8,533.772,8.0,958.5119,4.5,7.024,166.7,6025,328.0
1999-08-01,1320.4100341796875,1671.0,89.8984,5.07,4.7,535.749,8.06,969.1052,4.56,7.16,167.1,5838,325.1
1999-09-01,1282.7099609375,1551.0,89.496,5.22,4.1,541.305,8.25,975.1881,4.75,6.838,167.8,5915,286.1
1999-10-01,1362.9300537109375,1649.0,90.6725,5.2,4.4,550.011,8.25,978.2872,4.75,6.717,168.1,5778,308.6
1999-11-01,1388.9100341796875,1672.0,91.1438,5.42,4.6,565.429,8.37,1000.3181,4.86,6.9,168.4,5716,321.3
1999-12-01,1469.25,1683.0,91.8444,5.3,4.2,595.97,8.5,1001.0668,5.0,7.126,168.8,5653,297.5
2000-01-01,1394.4599609375,1727.0,91.7942,5.45,5.0,594.679,8.5,1003.6395,5.0,7.285,169.3,5708,358.9
2000-02-01,1366.4200439453125,1692.0,92.1272,5.73,4.5,566.144,8.73,1016.6519,5.24,7.504,170.0,5858,324.3
2000-03-01,1498.5799560546875,1651.0,92.4733,5.85,4.3,563.705,8.83,1026.2297,5.34,7.003,171.0,5733,311.8
2000-04-01,1452.4300537109375,1597.0,93.0619,6.02,4.8,564.734,9.0,1035.175,5.5,6.874,170.9,5481,347.8
2000-05-01,1420.5999755859375,1543.0,93.3427,6.27,4.8,565.836,9.24,1052.0245,5.71,6.844,171.2,5758,351.1
2000-06-01,1454.5999755859375,1572.0,93.3908,6.53,4.8,568.333,9.5,1062.7712,6.0,6.722,172.2,5651,355.3
2000-07-01,1430.8299560546875,1542.0,93.204,6.54,5.1,571.216,9.5,1068.5739,6.0,6.577,172.7,5747,383.8
2000-08-01,1517.6800537109375,1552.0,92.9637,6.5,5.2,569.313,9.5,1071.6875,6.0,6.658,172.7,5853,389.9
2000-09-01,1436.510009765625,1570.0,93.3533,6.52,4.5,570.677,9.5,1072.962,6.0,6.875,173.6,5625,340.8
2000-10-01,1429.4000244140625,1577.0,93.0019,6.51,4.8,571.48,9.5,1077.9697,6.0,6.528,173.9,5534,360.3
2000-11-01,1314.949951171875,1614.0,93.0137,6.51,4.7,575.002,9.5,1080.4949,6.0,6.303,174.2,5639,355.3
2000-12-01,1320.280029296875,1543.0,92.7388,6.4,4.4,583.118,9.5,1085.2984,6.0,5.966,174.6,5634,337.9
2001-01-01,1366.010009765625,1699.0,92.2054,5.98,4.9,585.106,9.05,1094.0949,5.52,6.666,175.6,6023,379.4
2001-02-01,1239.93994140625,1656.0,91.5813,5.49,5.0,582.524,8.5,1094.3383,5.0,6.877,176.0,6089,385.8
2001-03-01,1160.3299560546875,1659.0,91.3567,5.31,5.3,585.082,8.32,1091.9878,4.81,6.286,176.1,6141,411.8
2001-04-01,1249.4599609375,1666.0,91.072,4.8,5.1,587.928,7.8,1089.1624,4.28,6.191,176.4,6271,394.2
2001-05-01,1255.8199462890625,1665.0,90.5335,4.21,4.5,590.873,7.24,1084.1461,3.73,6.272,177.3,6226,347.4
2001-06-01,1224.3800048828125,1626.0,90.0322,3.97,4.4,594.37,6.98,1072.0353,3.47,6.261,177.7,6484,343.5
2001-07-01,1211.22998046875,1598.0,89.4778,3.77,5.6,600.387,6.75,1063.9723,3.25,5.837,177.4,6583,439.9
2001-08-01,1133.5799560546875,1615.0,89.3838,3.65,6.6,606.133,6.67,1055.858,3.16,5.665,177.4,7042,529.7
2001-09-01,1040.93994140625,1565.0,88.9262,3.07,7.0,613.558,6.28,1059.2736,2.77,5.792,178.1,7142,551.5
2001-10-01,1059.780029296875,1566.0,88.6365,2.49,3.1,615.01,5.53,1044.5863,2.02,7.906,177.6,7694,237.9
2001-11-01,1139.449951171875,1651.0,88.1058,2.09,3.5,621.87,5.1,1034.0439,1.58,6.127,177.5,8003,274.8
2001-12-01,1148.0799560546875,1680.0,88.0897,1.82,3.8,630.276,4.84,1021.8131,1.33,5.17,177.4,8258,298.0
2002-01-01,1130.199951171875,1665.0,88.6706,1.73,5.7,635.429,4.75,1012.1221,1.25,5.369,177.7,8182,451.1
2002-02-01,1106.72998046875,1787.0,88.6723,1.74,5.5,635.884,4.75,1016.8446,1.25,5.739,178.0,8215,437.5
2002-03-01,1147.3900146484375,1691.0,89.3624,1.73,5.6,639.698,4.75,1011.8273,1.25,5.816,178.5,8304,448.6
2002-04-01,1076.9200439453125,1669.0,89.7933,1.75,5.5,643.58,4.75,1000.2644,1.25,6.195,179.3,8599,440.7
2002-05-01,1067.1400146484375,1716.0,90.1629,1.75,6.2,648.293,4.75,990.9585,1.25,5.696,179.5,8399,504.4
2002-06-01,989.8200073242188,1758.0,90.9078,1.75,6.2,654.774,4.75,984.088,1.25,5.847,179.6,8393,507.4
2002-07-01,911.6199951171876,1738.0,90.8761,1.73,5.4,660.96,4.75,976.682,1.25,6.286,180.0,8390,441.7
2002-08-01,916.0700073242188,1695.0,90.785,1.74,5.4,660.558,4.75,972.4698,1.25,6.305,180.5,8304,435.9
2002-09-01,815.280029296875,1803.0,90.8931,1.75,5.9,662.189,4.75,966.3114,1.25,5.609,180.8,8251,482.0
2002-10-01,885.760009765625,1799.0,90.6289,1.75,5.8,662.238,4.75,962.8366,1.25,5.514,181.2,8307,474.3
2002-11-01,936.3099975585938,1771.0,91.1366,1.34,5.8,667.444,4.35,960.5478,0.83,5.6,181.5,8520,476.6
2002-12-01,879.8200073242188,1896.0,90.6374,1.24,5.4,676.472,4.25,957.8447,0.75,5.826,181.8,8640,449.6
2003-01-01,855.7000122070312,1808.0,91.3852,1.24,5.4,679.411,4.25,950.3647,2.25,5.766,182.6,8520,442.9
2003-02-01,841.1500244140625,1854.0,91.494,1.26,5.3,679.832,4.25,941.6363,2.25,5.272,183.6,8618,439.1
2003-03-01,848.1799926757812,1757.0,91.221,1.25,5.0,683.413,4.25,937.5126,2.25,5.427,183.9,8588,415.9
2003-04-01,916.9199829101562,1803.0,90.6448,1.26,5.1,687.055,4.25,935.094,2.25,5.362,183.2,8842,426.5
2003-05-01,963.5900268554688,1835.0,90.6163,1.26,5.5,690.521,4.25,924.0695,2.25,5.277,182.9,8957,465.7
2003-06-01,974.5,1875.0,90.7372,1.22,5.3,691.954,4.22,917.3774,2.0,5.593,183.1,9266,449.2
2003-07-01,990.3099975585938,1885.0,91.2028,1.01,6.1,694.257,4.0,921.5109,2.0,5.512,183.7,9011,521.3
2003-08-01,1008.010009765625,1966.0,91.0119,1.03,5.9,694.696,4.0,909.698,2.0,5.699,184.5,8896,513.3
2003-09-01,995.969970703125,1961.0,91.6355,1.01,5.1,697.699,4.0,899.9053,2.0,5.483,185.1,8921,439.1
2003-10-01,1050.7099609375,2012.0,91.7372,1.01,5.3,700.706,4.0,886.9496,2.0,5.242,184.9,8732,453.3
2003-11-01,1058.199951171875,1918.0,92.3505,1.0,5.3,706.305,4.0,881.8114,2.0,5.611,185.0,8576,459.3
2003-12-01,1111.9200439453125,1987.0,92.4019,0.98,5.2,716.191,4.0,883.6263,2.0,5.427,185.5,8317,454.4
2004-01-01,1131.1300048828125,1952.0,92.5643,1.0,4.9,713.752,4.0,876.4013,2.0,5.153,186.3,8370,425.4
2004-02-01,1144.93994140625,1966.0,93.1092,1.01,4.9,713.25,4.0,874.5657,2.0,5.431,186.7,8167,426.3
2004-03-01,1126.2099609375,2066.0,92.7403,1.0,4.7,713.923,4.0,869.3746,2.0,5.545,187.1,8491,418.7
2004-04-01,1107.300048828125,2070.0,93.1255,1.0,5.1,716.778,4.0,864.4938,2.0,5.136,187.4,8170,452.4
2004-05-01,1120.6800537109375,2150.0,93.797,1.0,5.1,719.679,4.0,862.8447,2.0,5.637,188.2,8212,454.8
2004-06-01,1140.8399658203125,2020.0,93.0677,1.03,5.6,726.437,4.01,869.1589,2.25,5.123,188.9,8286,504.3
2004-07-01,1101.719970703125,2112.0,93.7646,1.26,5.0,734.828,4.25,878.137,2.25,5.388,189.1,8136,453.2
2004-08-01,1104.239990234375,2056.0,93.8516,1.43,5.0,734.62,4.43,883.0436,2.5,5.199,189.2,7990,450.6
2004-09-01,1114.5799560546875,2041.0,93.9393,1.61,4.4,738.149,4.58,886.8331,2.75,5.262,189.8,7927,402.3
2004-10-01,1130.199951171875,2097.0,94.8012,1.76,4.3,740.816,4.75,889.3043,2.75,5.158,190.8,8061,387.9
2004-11-01,1173.8199462890625,2079.0,95.0379,1.93,3.8,746.581,4.93,897.6517,3.0,5.257,191.7,7932,345.5
2004-12-01,1211.9200439453125,2082.0,95.7433,2.16,6.6,753.395,5.15,906.4336,3.25,5.712,191.7,7934,623.8
2005-01-01,1181.27001953125,2139.0,96.1164,2.28,3.2,750.197,5.25,921.447,3.25,5.357,191.6,7784,296.2
2005-02-01,1203.5999755859375,2114.0,96.82,2.5,2.9,750.39,5.49,931.8489,3.5,5.356,192.4,7980,263.6
2005-03-01,1180.5899658203125,2062.0,96.6725,2.63,3.1,752.083,5.58,945.8288,3.75,5.575,193.1,7737,285.7
2005-04-01,1156.8499755859375,2150.0,96.8638,2.79,2.7,753.66,5.75,958.5573,3.75,5.686,193.7,7672,252.0
2005-05-01,1191.5,2085.0,96.9622,3.0,3.2,754.184,5.98,968.6463,4.0,5.357,193.6,7651,302.0
2005-06-01,1191.3299560546875,2178.0,97.353,3.04,2.6,759.996,6.01,975.0725,4.25,5.307,193.7,7524,242.9
2005-07-01,1234.1800537109375,2203.0,97.0425,3.26,2.1,763.847,6.25,989.6622,4.25,5.781,194.9,7406,193.4
2005-08-01,1220.3299560546875,2219.0,97.3856,3.5,2.6,763.347,6.44,995.8955,4.5,5.586,196.1,7345,248.7
2005-09-01,1228.81005859375,2263.0,95.509,3.62,2.7,767.94,6.59,1000.9579,4.75,5.677,198.8,7553,252.2
2005-10-01,1207.010009765625,2170.0,96.6445,3.78,2.9,768.814,6.75,1014.4787,4.75,5.195,199.1,7453,274.5
2005-11-01,1249.47998046875,2218.0,97.6736,4.0,3.2,774.619,7.0,1022.6377,5.0,5.501,198.1,7566,304.5
2005-12-01,1248.2900390625,2120.0,98.2108,4.16,3.1,783.336,7.15,1036.1719,5.25,5.306,198.1,7279,300.1
2006-01-01,1280.0799560546875,2212.0,98.3353,4.29,3.7,786.823,7.26,1048.8127,5.5,6.461,199.3,7064,363.2
2006-02-01,1280.6600341796875,2141.0,98.3412,4.49,3.9,785.378,7.5,1058.4729,5.5,5.529,199.4,7184,388.5
2006-03-01,1294.8699951171875,2118.0,98.5915,4.59,4.1,788.916,7.53,1068.6904,5.75,5.323,199.7,7072,408.1
2006-04-01,1310.6099853515625,1998.0,98.9042,4.79,3.8,790.544,7.75,1084.9739,5.75,5.596,200.7,7120,382.1
2006-05-01,1270.0899658203125,1905.0,98.8999,4.94,3.6,794.306,7.93,1103.1925,6.0,5.265,201.3,6980,362.4
2006-06-01,1270.199951171875,1867.0,99.209,4.99,3.7,794.297,8.02,1118.7899,6.25,5.246,201.8,7001,372.3
2006-07-01,1276.6600341796875,1763.0,99.1473,5.24,3.1,795.918,8.25,1130.6626,6.25,5.561,202.9,7175,315.8
2006-08-01,1303.8199462890625,1722.0,99.5815,5.25,3.3,793.601,8.25,1152.3098,6.25,5.283,203.8,7091,336.7
2006-09-01,1335.8499755859375,1655.0,99.4133,5.25,3.2,794.469,8.25,1151.2141,6.25,5.28,202.8,6847,327.3
2006-10-01,1377.93994140625,1570.0,99.2931,5.25,3.2,794.139,8.25,1161.3339,6.25,5.126,201.9,6727,327.7
2006-11-01,1400.6300048828125,1535.0,99.2376,5.25,3.6,800.542,8.25,1170.0137,6.25,5.022,202.0,6872,364.1
2006-12-01,1418.300048828125,1638.0,100.2526,5.24,3.5,809.326,8.25,1182.586,6.25,5.311,203.1,6762,355.6
2007-01-01,1438.239990234375,1626.0,99.86,5.25,3.2,808.848,8.25,1192.4471,6.25,5.274,203.437,7116,332.9
2007-02-01,1406.8199462890625,1598.0,100.8096,5.26,3.6,805.364,8.25,1205.0545,6.25,5.206,204.226,6927,372.9
2007-03-01,1420.8599853515625,1596.0,101.0257,5.26,3.9,806.34,8.25,1215.7784,6.25,5.072,205.288,6731,402.2
2007-04-01,1482.3699951171875,1470.0,101.7497,5.25,3.8,807.557,8.25,1226.4611,6.25,5.083,205.904,6850,397.2
2007-05-01,1530.6199951171875,1493.0,101.8148,5.25,3.6,809.5,8.25,1244.4679,6.25,5.419,206.755,6766,381.6
2007-06-01,1503.3499755859375,1407.0,101.8424,5.25,3.5,811.079,8.25,1263.8679,6.25,5.214,207.234,6979,370.1
2007-07-01,1455.27001953125,1361.0,101.7209,5.26,3.4,814.649,8.25,1281.781,6.25,4.958,207.603,7149,356.7
2007-08-01,1473.989990234375,1321.0,101.9639,5.02,3.1,811.732,8.25,1307.6611,5.75,5.098,207.667,7067,322.6
2007-09-01,1526.75,1261.0,102.2023,4.94,3.1,811.899,8.03,1350.0468,5.25,5.176,208.547,7170,333.6
2007-10-01,1549.3800048828125,1192.0,101.8873,4.76,3.0,813.658,7.74,1374.8109,5.0,5.155,209.19,7237,323.6
2007-11-01,1481.1400146484375,1224.0,102.4717,4.49,2.8,819.857,7.5,1393.7686,5.0,5.507,210.834,7240,296.5
2007-12-01,1468.3599853515625,1149.0,102.4621,4.24,3.2,820.294,7.33,1417.6883,4.75,5.205,211.445,7645,342.1
2008-01-01,1378.550048828125,1094.0,102.3148,3.94,3.2,817.367,6.98,1440.9927,3.5,5.155,212.174,7685,348.5
2008-02-01,1330.6300048828125,1014.0,101.9384,2.98,3.6,814.429,6.0,1449.1137,3.5,4.91,212.687,7497,385.0
2008-03-01,1322.699951171875,967.0,101.5904,2.61,3.4,816.645,5.66,1470.7229,2.5,4.749,213.448,7822,367.3
2008-04-01,1385.5899658203125,1008.0,100.9098,2.28,2.9,813.937,5.24,1490.0708,2.25,4.685,213.942,7637,312.0
2008-05-01,1400.3800048828125,995.0,100.3073,1.98,7.3,817.686,5.0,1491.1987,2.25,5.136,215.208,8395,826.4
2008-06-01,1280.0,1180.0,100.0853,2.0,5.1,822.827,5.0,1498.2175,2.25,4.92,217.463,8575,564.2
2008-07-01,1267.3800048828125,921.0,99.6124,2.01,4.0,829.946,5.0,1512.1644,2.25,4.489,219.016,8937,445.0
2008-08-01,1282.8299560546875,858.0,98.0601,2.0,3.5,830.514,5.0,1513.7189,2.25,4.6,218.69,9438,381.3
2008-09-01,1166.3599853515625,797.0,93.8451,1.81,4.3,833.942,5.0,1530.9345,2.25,4.446,218.877,9494,472.7
2008-10-01,968.75,736.0,94.7036,0.97,5.2,849.122,4.56,1586.5575,1.25,3.854,216.995,10074,576.0
2008-11-01,896.239990234375,626.0,93.4737,0.39,6.3,864.074,4.0,1575.6122,1.25,3.402,213.153,10538,693.2
2008-12-01,903.25,554.0,90.825,0.16,6.2,877.883,3.61,1558.7939,0.5,3.544,211.398,11286,668.7
2009-01-01,825.8800048828125,545.0,88.583,0.15,6.2,886.184,3.25,1544.8141,0.5,2.9,211.933,12058,676.6
2009-02-01,735.0900268554688,558.0,88.0069,0.22,5.6,894.156,3.25,1532.6924,0.5,2.768,212.705,12898,605.9
2009-03-01,797.8699951171875,513.0,86.6045,0.18,5.9,900.752,3.25,1511.2477,0.5,3.035,212.495,13426,639.4
2009-04-01,872.8099975585938,521.0,85.9406,0.15,6.6,903.412,3.25,1491.6003,0.5,3.021,212.709,13853,718.7
2009-05-01,919.1400146484376,556.0,85.0635,0.18,7.9,905.514,3.25,1469.4134,0.5,3.214,213.022,14499,868.3
2009-06-01,919.3200073242188,601.0,84.7841,0.21,6.2,907.576,3.25,1436.3065,0.5,3.351,214.79,14707,672.5
2009-07-01,987.47998046875,595.0,85.7471,0.16,5.5,909.56,3.25,1395.4149,0.5,4.148,214.726,14601,593.9
2009-08-01,1020.6199951171876,616.0,86.7094,0.16,4.5,910.774,3.25,1363.531,0.5,5.43,215.445,14814,485.5
2009-09-01,1057.0799560546875,609.0,87.4072,0.15,5.6,912.969,3.25,1337.6857,0.5,3.32,215.861,15009,607.4
2009-10-01,1036.18994140625,583.0,87.6595,0.12,5.2,915.317,3.25,1307.8572,0.5,3.644,216.509,15352,566.9
2009-11-01,1095.6300048828125,623.0,88.0061,0.12,5.6,918.242,3.25,1290.1596,0.5,3.799,217.234,15219,619.7
2009-12-01,1115.0999755859375,664.0,88.2819,0.12,5.6,924.315,3.25,1265.253,0.5,4.069,217.347,15098,621.2
2010-01-01,1073.8699951171875,636.0,89.2744,0.11,5.9,921.235,3.25,1238.6856,0.5,3.623,217.488,15046,653.0
2010-02-01,1104.489990234375,650.0,89.5648,0.13,5.6,927.21,3.25,1223.5808,0.75,3.44,217.281,15113,625.6
2010-03-01,1169.4300537109375,687.0,90.2296,0.16,5.6,932.535,3.25,1210.0424,0.75,3.948,217.353,15202,624.2
2010-04-01,1186.68994140625,637.0,90.5689,0.2,6.2,935.054,3.25,1207.4839,0.75,3.816,217.403,15325,702.0
2010-05-01,1089.4100341796875,575.0,91.8247,0.2,6.7,937.474,3.25,1196.7433,0.75,3.951,217.29,14849,762.1
2010-06-01,1030.7099609375,587.0,92.007,0.18,6.5,941.363,3.25,1190.1274,0.75,3.8,217.199,14474,742.0
2010-07-01,1101.5999755859375,579.0,92.3967,0.18,6.4,944.765,3.25,1188.9906,0.75,3.85,217.605,14512,731.3
2010-08-01,1049.3299560546875,580.0,92.7118,0.19,6.5,946.088,3.25,1187.8385,0.75,3.776,217.923,14648,748.0
2010-09-01,1141.199951171875,563.0,92.9252,0.19,6.5,951.33,3.25,1185.938,0.75,3.803,218.275,14579,742.1
2010-10-01,1183.260009765625,558.0,92.7115,0.19,6.3,960.369,3.25,1184.9104,0.75,3.755,219.035,14516,718.1
2010-11-01,1180.550048828125,560.0,92.7535,0.19,6.1,970.89,3.25,1187.1152,0.75,3.756,219.59,15081,703.7
2010-12-01,1257.6400146484375,632.0,93.6492,0.18,6.5,979.39,3.25,1192.4336,0.75,3.98,220.472,14348,759.6
2011-01-01,1286.1199951171875,576.0,93.4768,0.17,6.9,978.912,3.25,1196.0801,0.75,3.913,221.187,14013,807.3
2011-02-01,1327.219970703125,542.0,93.0617,0.16,7.2,987.088,3.25,1199.7604,0.75,4.253,221.898,13820,846.5
2011-03-01,1325.8299560546875,583.0,94.0244,0.14,6.6,1000.695,3.25,1206.8326,0.75,4.45,223.046,13737,780.5
2011-04-01,1363.6099853515625,581.0,93.7011,0.1,6.6,1009.366,3.25,1214.8218,0.75,4.388,224.093,13957,773.5
2011-05-01,1345.199951171875,618.0,93.849,0.09,6.5,1016.664,3.25,1228.9175,0.75,3.901,224.806,13855,772.8
2011-06-01,1320.6400146484375,636.0,94.0844,0.09,6.7,1023.527,3.25,1233.6324,0.75,3.805,224.806,13962,795.7
2011-07-01,1292.280029296875,621.0,94.5881,0.07,6.9,1029.57,3.25,1244.2824,0.75,3.918,225.395,13763,819.5
2011-08-01,1218.8900146484375,647.0,95.1605,0.1,6.9,1033.04,3.25,1263.3275,0.75,3.951,226.106,13818,819.2
2011-09-01,1131.4200439453125,610.0,95.0855,0.08,6.5,1038.738,3.25,1269.6999,0.75,4.133,226.597,13948,782.7
2011-10-01,1253.300048828125,671.0,95.6902,0.07,6.5,1042.129,3.25,1280.1027,0.75,4.412,226.75,13594,774.3
2011-11-01,1246.9599609375,706.0,95.7307,0.08,6.6,1055.231,3.25,1292.903,0.75,4.337,227.169,13302,792.9
2011-12-01,1257.5999755859375,697.0,96.2047,0.07,7.5,1066.406,3.25,1303.8178,0.75,4.294,227.223,13093,907.2
2012-01-01,1312.4100341796875,712.0,96.7772,0.08,7.8,1069.691,3.25,1321.4785,0.75,4.925,227.842,12797,953.0
2012-02-01,1365.6800537109375,738.0,97.051,0.1,7.8,1080.197,3.25,1344.4609,0.75,5.326,228.329,12813,959.1
2012-03-01,1408.469970703125,806.0,96.5714,0.13,8.2,1095.166,3.25,1350.9339,0.75,5.17,228.807,12713,1014.5
2012-04-01,1397.9100341796875,732.0,97.3139,0.14,8.5,1099.978,3.25,1368.4755,0.75,5.123,229.187,12646,1062.5
2012-05-01,1310.3299560546875,796.0,97.4669,0.16,8.6,1103.669,3.25,1378.898,0.75,4.986,228.713,12660,1066.9
2012-06-01,1362.1600341796875,794.0,97.4577,0.16,8.6,1108.545,3.25,1397.9694,0.75,4.907,228.524,12692,1074.9
2012-07-01,1379.3199462890625,849.0,97.6786,0.16,7.8,1113.756,3.25,1413.6563,0.75,4.902,228.59,12656,967.8
2012-08-01,1406.5799560546875,840.0,97.2842,0.13,7.6,1115.866,3.25,1425.8338,0.75,5.043,229.918,12471,935.0
2012-09-01,1440.6700439453125,930.0,97.2295,0.14,8.1,1126.389,3.25,1434.3639,0.75,5.219,231.015,12115,1009.3
2012-10-01,1412.1600341796875,887.0,97.5344,0.16,8.7,1134.623,3.25,1449.2928,0.75,5.114,231.638,12124,1096.1
2012-11-01,1416.1800537109375,917.0,97.9837,0.16,9.5,1149.019,3.25,1457.2839,0.75,5.334,231.249,12005,1214.4
2012-12-01,1426.18994140625,941.0,98.2122,0.16,11.6,1156.695,3.25,1474.4689,0.75,5.397,231.221,12298,1523.4
2013-01-01,1498.1099853515625,940.0,98.1664,0.14,5.9,1160.082,3.25,1485.2451,0.75,5.684,231.679,12471,725.4
2013-02-01,1514.6800537109375,980.0,98.6458,0.15,5.6,1164.584,3.25,1491.5336,0.75,5.585,232.937,11950,698.3
2013-03-01,1569.18994140625,936.0,99.0597,0.14,5.9,1174.354,3.25,1499.7447,0.75,5.476,232.282,11689,729.1
2013-04-01,1597.5699462890625,1012.0,98.9927,0.15,6.2,1178.421,3.25,1507.2495,0.75,5.455,231.797,11760,765.3
2013-05-01,1630.739990234375,1003.0,99.0726,0.11,6.4,1185.026,3.25,1510.269,0.75,5.371,231.893,11654,800.4
2013-06-01,1606.280029296875,942.0,99.2065,0.09,6.5,1189.693,3.25,1521.731,0.75,5.514,232.445,11751,811.7
2013-07-01,1685.72998046875,997.0,98.9204,0.09,6.3,1196.581,3.25,1531.7523,0.75,5.463,232.9,11335,786.5
2013-08-01,1632.969970703125,964.0,99.4996,0.08,6.4,1198.798,3.25,1533.2945,0.75,5.325,233.456,11279,802.3
2013-09-01,1681.550048828125,1004.0,100.0568,0.08,6.5,1206.327,3.25,1539.9651,0.75,5.405,233.544,11270,819.0
2013-10-01,1756.5400390625,1044.0,99.9168,0.09,6.0,1213.425,3.25,1549.335,0.75,5.29,233.669,11136,752.2
2013-11-01,1805.81005859375,1029.0,100.1762,0.08,5.8,1220.844,3.25,1558.6063,0.75,5.376,234.1,10787,738.2
2013-12-01,1848.3599853515625,1005.0,100.3658,0.09,6.0,1230.286,3.25,1574.323,0.75,5.253,234.719,10404,763.4
2014-01-01,1782.5899658203125,976.0,100.038,0.07,6.7,1231.631,3.25,1586.927,0.75,5.133,235.288,10202,856.8
2014-02-01,1859.449951171875,1039.0,100.7918,0.07,6.6,1237.534,3.25,1619.931,0.75,5.145,235.547,10349,855.6
2014-03-01,1872.3399658203125,1067.0,101.7782,0.08,6.7,1261.586,3.25,1634.0514,0.75,5.491,236.028,10380,868.9
2014-04-01,1883.949951171875,1090.0,101.8337,0.09,6.9,1270.128,3.25,1650.8788,0.75,5.413,236.468,9702,901.5
2014-05-01,1923.5699462890625,1018.0,102.2325,0.09,7.1,1275.948,3.25,1663.5137,0.75,5.601,236.918,9859,930.0
2014-06-01,1960.22998046875,1010.0,102.5722,0.1,7.1,1279.375,3.25,1676.7463,0.75,5.949,237.231,9460,940.0
2014-07-01,1930.6700439453125,1076.0,102.8479,0.09,7.2,1284.825,3.25,1694.7601,0.75,5.733,237.498,9608,953.6
2014-08-01,2003.3699951171875,1047.0,102.6491,0.09,7.0,1287.503,3.25,1711.9216,0.75,5.957,237.46,9599,931.6
2014-09-01,1972.2900390625,1077.0,102.9858,0.09,7.2,1290.772,3.25,1725.6683,0.75,5.65,237.477,9262,967.0
2014-10-01,2018.050048828125,1094.0,102.9911,0.09,7.1,1294.037,3.25,1730.4578,0.75,5.718,237.43,8990,946.7
2014-11-01,2067.56005859375,1059.0,103.6669,0.09,7.3,1309.492,3.25,1751.4424,0.75,5.732,236.983,9090,980.4
2014-12-01,2058.89990234375,1072.0,103.6139,0.12,7.7,1326.698,3.25,1773.3168,0.75,5.796,236.252,8717,1038.9
2015-01-01,1994.989990234375,1049.0,102.8479,0.11,8.0,1333.447,3.25,1791.7388,0.75,5.462,234.747,8885,1078.7
2015-02-01,2104.5,1127.0,102.2292,0.11,8.1,1341.256,3.25,1808.0712,0.75,5.278,235.342,8599,1103.4
2015-03-01,2067.889892578125,1072.0,101.8945,0.11,7.7,1354.764,3.25,1834.4282,0.75,5.65,235.976,8515,1042.5
2015-04-01,2085.510009765625,1166.0,101.2859,0.12,7.6,1359.926,3.25,1847.4892,0.75,5.546,236.222,8550,1039.3
2015-05-01,2107.389892578125,1272.0,100.8408,0.12,7.5,1364.57,3.25,1863.2476,0.75,5.782,237.001,8834,1026.0
2015-06-01,2063.110107421875,1379.0,100.5063,0.13,7.4,1366.158,3.25,1880.052,0.75,5.697,237.657,8247,1017.7
2015-07-01,2103.840087890625,1140.0,101.1831,0.13,7.3,1369.775,3.25,1889.3912,0.75,5.812,238.034,8167,1002.3
2015-08-01,1972.1800537109373,1165.0,100.9115,0.14,7.3,1375.053,3.25,1903.5064,0.75,5.771,238.033,7992,1002.7
2015-09-01,1920.030029296875,1144.0,100.568,0.14,7.4,1383.872,3.25,1915.2938,0.75,5.61,237.498,7907,1024.8
2015-10-01,2079.360107421875,1160.0,100.1588,0.12,7.5,1391.429,3.25,1929.7142,0.75,5.682,237.733,7922,1042.7
2015-11-01,2080.409912109375,1244.0,99.4099,0.12,7.3,1402.991,3.25,1946.154,0.75,5.516,238.017,8000,1010.7
2015-12-01,2043.93994140625,1211.0,98.8329,0.24,7.4,1415.044,3.37,1953.1233,1.0,5.336,237.761,7907,1027.6
2016-01-01,1940.239990234375,1171.0,99.4797,0.34,7.7,1417.331,3.5,1964.1729,1.0,5.444,237.652,7627,1070.4
2016-02-01,1932.22998046875,1172.0,98.9583,0.38,7.2,1420.976,3.5,1987.293,1.0,5.412,237.336,7702,1005.9
2016-03-01,2059.739990234375,1118.0,98.1954,0.36,7.6,1436.877,3.5,2018.7306,1.0,5.104,238.08,7961,1062.2
2016-04-01,2065.300048828125,1160.0,98.4673,0.37,7.2,1444.638,3.5,2032.8735,1.0,5.048,238.992,8067,1005.1
2016-05-01,2096.949951171875,1205.0,98.2889,0.37,6.9,1450.998,3.5,2047.6397,1.0,5.116,239.557,7652,976.1
2016-06-01,2098.860107421875,1208.0,98.7201,0.38,6.6,1457.506,3.5,2050.6081,1.0,5.081,240.222,7744,927.7
2016-07-01,2173.60009765625,1198.0,98.8992,0.39,6.8,1463.677,3.5,2057.6869,1.0,5.187,240.101,7641,958.1
2016-08-01,2170.949951171875,1201.0,98.7249,0.4,6.8,1464.341,3.5,2051.3721,1.0,5.114,240.545,7784,962.8
2016-09-01,2168.27001953125,1303.0,98.606,0.4,6.8,1470.25,3.5,2070.3384,1.0,5.213,241.176,7953,962.8
2016-10-01,2126.14990234375,1254.0,98.6703,0.4,6.9,1475.811,3.5,2085.8157,1.0,4.946,241.741,7811,987.9
2016-11-01,2198.81005859375,1230.0,98.2288,0.41,7.0,1488.54,3.5,2089.3618,1.0,4.985,242.026,7553,996.5
2016-12-01,2238.830078125,1248.0,98.8958,0.54,6.5,1499.355,3.64,2084.1098,1.25,5.096,242.637,7521,938.5
2017-01-01,2278.8701171875,1301.0,98.7446,0.65,6.9,1504.579,3.75,2082.7358,1.25,4.63,243.618,7468,1000.4
2017-02-01,2363.639892578125,1243.0,98.3676,0.66,7.2,1504.655,3.75,2082.4692,1.25,4.697,244.006,7379,1046.9
2017-03-01,2362.719970703125,1290.0,99.1065,0.79,7.2,1527.119,3.88,2065.7206,1.5,4.575,243.892,7073,1048.5
2017-04-01,2384.199951171875,1252.0,100.0363,0.9,7.2,1539.472,4.0,2066.8077,1.5,4.751,244.193,7089,1060.2
2017-05-01,2411.800048828125,1205.0,100.147,0.91,7.8,1548.163,4.0,2070.8769,1.5,4.634,244.004,7000,1147.6
2017-06-01,2423.409912109375,1348.0,100.3042,1.04,7.5,1555.21,4.13,2072.6472,1.75,4.505,244.163,6873,1108.0
2017-07-01,2470.300048828125,1254.0,100.2092,1.15,7.6,1562.592,4.25,2076.3883,1.75,4.558,244.243,6892,1127.1
2017-08-01,2471.64990234375,1322.0,99.7055,1.16,7.6,1565.288,4.25,2084.3375,1.75,4.526,245.183,7082,1134.1
2017-09-01,2519.360107421875,1266.0,99.7485,1.15,7.3,1578.295,4.25,2103.1255,1.75,4.828,246.435,6854,1091.8
2017-10-01,2575.260009765625,1350.0,100.988,1.15,7.4,1583.264,4.25,2112.0621,1.75,4.681,246.626,6700,1113.0
2017-11-01,2647.580078125,1290.0,101.273,1.16,7.0,1592.131,4.25,2105.4476,1.75,4.476,247.284,6774,1049.9
2017-12-01,2673.610107421875,1304.0,101.3696,1.3,6.6,1604.544,4.4,2104.3038,2.0,4.254,247.805,6632,989.3
2018-01-01,2823.81005859375,1314.0,101.3561,1.41,7.4,1611.341,4.5,2107.5217,2.0,4.141,248.743,6505,1127.7
2018-02-01,2713.830078125,1342.0,101.6495,1.42,7.6,1616.281,4.5,2108.3773,2.0,4.231,249.439,6586,1162.4
2018-03-01,2640.8701171875,1402.0,102.298,1.51,7.6,1633.038,4.58,2120.5846,2.25,4.09,249.581,6457,1170.0
2018-04-01,2648.050048828125,1388.0,103.4095,1.69,7.4,1639.951,4.75,2163.4138,2.25,4.067,250.146,6448,1152.3
2018-05-01,2705.27001953125,1339.0,102.5408,1.7,7.5,1650.879,4.75,2169.1372,2.25,4.11,250.779,6188,1160.9
2018-06-01,2718.3701171875,1334.0,103.3045,1.82,7.6,1661.272,4.89,2188.1023,2.5,4.053,251.118,6446,1181.7
2018-07-01,2816.2900390625,1338.0,103.5474,1.91,7.6,1669.057,5.0,2202.5151,2.5,4.077,251.323,6173,1192.8
2018-08-01,2901.52001953125,1275.0,104.1659,1.91,7.6,1671.608,5.0,2207.6866,2.5,3.933,251.749,6167,1192.5
2018-09-01,2913.97998046875,1301.0,104.1315,1.95,7.6,1685.515,5.03,2223.8353,2.75,3.98,252.239,6065,1195.7
2018-10-01,2711.739990234375,1268.0,103.9874,2.19,7.4,1690.132,5.25,2247.5919,2.75,4.333,252.862,6230,1169.4
2018-11-01,2760.169921875,1325.0,103.9127,2.2,7.2,1701.602,5.25,2273.3544,2.75,4.023,252.657,6132,1135.5
2018-12-01,2506.85009765625,1307.0,103.867,2.27,9.0,1706.892,5.35,2303.1906,3.0,4.005,252.551,6379,1450.5
2019-01-01,2704.10009765625,1253.0,103.3023,2.4,8.7,1709.726,5.5,2321.165,3.0,4.068,252.47,6458,1386.6
2019-02-01,2784.489990234375,1311.0,102.728,2.4,8.8,1707.784,5.5,2325.6507,3.0,3.685,253.135,6122,1419.1
2019-03-01,2834.39990234375,1317.0,102.8635,2.41,8.2,1719.262,5.5,2334.0603,3.0,3.773,254.273,6166,1324.4
2019-04-01,2945.830078125,1330.0,102.2543,2.42,7.7,1726.409,5.5,2325.9127,3.0,3.581,255.163,5898,1233.3
2019-05-01,2752.06005859375,1349.0,102.4519,2.39,7.4,1732.227,5.5,2328.2315,3.0,3.567,255.325,5935,1190.7
2019-06-01,2941.760009765625,1303.0,102.384,2.38,7.2,1737.761,5.5,2336.39,3.0,3.584,255.361,5906,1159.0
2019-07-01,2980.3798828125,1363.0,102.0568,2.4,7.0,1746.898,5.5,2346.4297,3.0,3.448,255.9,5984,1138.0
2019-08-01,2926.4599609375,1485.0,102.6882,2.13,7.2,1749.115,5.25,2364.7535,2.75,3.41,256.179,5993,1179.0
2019-09-01,2976.739990234375,1461.0,102.3143,2.04,7.3,1762.662,5.15,2370.7252,2.5,3.459,256.596,5766,1198.1
2019-10-01,3037.56005859375,1520.0,101.4645,1.83,7.4,1769.485,4.99,2368.4313,2.25,3.238,257.305,5980,1203.6
2019-11-01,3140.97998046875,1497.0,101.9876,1.55,7.5,1785.601,4.75,2369.2798,2.25,3.283,257.788,5930,1227.8
2019-12-01,3230.780029296875,1439.0,101.6179,1.55,7.3,1794.26,4.75,2358.0287,2.25,3.431,258.263,5861,1193.8
2020-01-01,3225.52001953125,1493.0,101.0918,1.55,7.8,1798.984,4.75,2348.9287,2.25,3.292,258.682,5826,1293.8
2020-02-01,2954.219970703125,1457.0,101.3247,1.58,8.3,1795.984,4.75,2345.5673,2.25,3.227,259.007,5717,1392.4
2020-03-01,2584.590087890625,1383.0,97.4477,0.65,13.1,1826.076,3.78,2562.9301,0.25,2.232,258.165,7165,2147.9
2020-04-01,2912.429931640625,1084.0,84.2018,0.05,33.8,1887.38,3.25,2922.4618,0.25,1.458,256.094,23038,6392.5
2020-05-01,3044.31005859375,1256.0,85.8434,0.05,24.8,1929.729,3.25,3033.0402,0.25,1.863,255.944,20940,4478.1
2020-06-01,3100.2900390625,1338.0,91.1622,0.08,19.3,1955.37,3.25,2929.018,0.25,2.054,257.217,17616,3445.3
2020-07-01,3271.1201171875,1553.0,94.8887,0.09,18.7,1978.268,3.25,2864.7421,0.25,2.627,258.543,16288,3359.4
2020-08-01,3500.31005859375,1520.0,95.8924,0.1,15.0,2004.524,3.25,2821.9164,0.25,2.642,259.58,13532,2598.4
2020-09-01,3363.0,1614.0,95.6019,0.09,14.3,2026.246,3.25,2764.1728,0.25,2.833,260.19,12584,2506.2
2020-10-01,3269.9599609375,1599.0,96.6454,0.09,13.6,2040.201,3.25,2699.021,0.25,2.901,260.352,11115,2370.9
2020-11-01,3621.6298828125,1682.0,97.1609,0.09,13.0,2055.633,3.25,2646.2331,0.25,2.864,260.721,10777,2239.3
2020-12-01,3756.070068359375,1730.0,98.2854,0.09,14.0,2070.526,3.25,2603.2302,0.25,2.723,261.564,10789,2426.2
2021-01-01,3714.239990234375,1843.0,99.4076,0.09,19.9,2093.534,3.25,2564.8389,0.25,2.727,262.2,10180,3798.6
2021-02-01,3811.14990234375,1743.0,96.3966,0.08,13.5,2100.216,3.25,2583.5831,0.25,2.413,263.346,9992,2376.9
2021-03-01,3972.889892578125,1773.0,99.1618,0.07,26.6,2115.282,3.25,2587.56,0.25,2.733,265.028,9691,5763.5
2021-04-01,4181.169921875,1765.0,99.2416,0.07,12.6,2154.819,3.25,2556.1636,0.25,2.903,266.727,9719,2331.1
2021-05-01,4204.10986328125,1691.0,99.9226,0.06,10.4,2167.934,3.25,2539.3386,0.25,2.728,268.599,9251,1872.8
2021-06-01,4297.5,1661.0,100.4704,0.08,9.5,2178.843,3.25,2478.4193,0.25,2.521,270.955,9502,1713.2
2021-07-01,4395.259765625,1655.0,101.1676,0.1,10.5,2186.118,3.25,2456.4302,0.25,2.442,272.184,8671,1920.5
2021-08-01,4522.68017578125,1772.0,101.0927,0.09,9.8,2187.596,3.25,2433.7804,0.25,2.116,273.092,8339,1795.2
